<?xml version='1.0' encoding='UTF-8'?>

<bag xmlns:boolean="http://www.w3.org/2001/XMLSchema#boolean" xmlns:float="http://www.w3.org/2001/XMLSchema#float" xmlns:int="http://www.w3.org/2001/XMLSchema#int" xmlns:unsignedInt="http://www.w3.org/2001/XMLSchema#unsignedInt" xmlns:unsignedLong="http://www.w3.org/2001/XMLSchema#unsignedLong" int:version="16">
 <issues>
  <issue>
   <unsignedInt:flags>321</unsignedInt:flags>
   <id>issue_roofline_guidance</id>
   <int:severity>2</int:severity>
   <text/>
   <title>issue_roofline_guidance_title</title>
   <attributes>
    <float:severity>2</float:severity>
   </attributes>
   <parameters boolean:is_vectorized="false" zone="mix" ops_type="int"/>
   <recommendations>
    <recommendation>
     <int:confidence>2</int:confidence>
     <unsignedInt:flags>1032</unsignedInt:flags>
     <id>rec_roofline_guidance_collect_callstacks</id>
     <text>rec_roofline_guidance_collect_text</text>
     <title>Collect FLOP data with callstacks </title>
     <attributes>
      <float:confidence>2</float:confidence>
     </attributes>
     <parameters/>
    </recommendation>
    <recommendation>
     <int:confidence>1</int:confidence>
     <unsignedInt:flags>8</unsignedInt:flags>
     <id>rec_roofline_guidance_mostly_memory_bound</id>
     <text>roofline_guidance_mostly_memory_bound_text</text>
     <title>This loop is mostly memory bound but may also be compute bound </title>
     <attributes>
      <float:confidence>1</float:confidence>
     </attributes>
     <parameters>
      <boolean:is_vectorized>false</boolean:is_vectorized>
      <boolean:is_fma_dominated>false</boolean:is_fma_dominated>
      <boolean:scalar_mem_instructions>false</boolean:scalar_mem_instructions>
      <traits>Divisions, Type Conversions</traits>
      <boolean:inefficient_map>false</boolean:inefficient_map>
      <boolean:low_vector_efficiency>false</boolean:low_vector_efficiency>
      <int:limiting_roof>3</int:limiting_roof>
     </parameters>
    </recommendation>
    <recommendation>
     <int:confidence>2</int:confidence>
     <unsignedInt:flags>1032</unsignedInt:flags>
     <id>rec_roofline_guidance_collect_all_memory_levels</id>
     <text>rec_roofline_guidance_collect_text</text>
     <title>Collect Roofline for all memory levels </title>
     <attributes>
      <float:confidence>2</float:confidence>
     </attributes>
     <parameters/>
    </recommendation>
   </recommendations>
   <unsignedLong:rowKey>2</unsignedLong:rowKey>
  </issue>
  <issue>
   <unsignedInt:flags>65</unsignedInt:flags>
   <id>issue_type_conversions</id>
   <int:severity>1</int:severity>
   <text>There are multiple data types within loops. Utilize hardware vectorization support more effectively by avoiding data type conversion. </text>
   <title>Data type conversions present </title>
   <attributes>
    <float:severity>1</float:severity>
   </attributes>
   <parameters/>
   <recommendations>
    <recommendation>
     <int:confidence>1</int:confidence>
     <unsignedInt:flags>8</unsignedInt:flags>
     <id>rec_type_conversions_smallest_c</id>
     <text>The &lt;a href=&quot;https://www.intel.com/content/www/us/en/docs/advisor/user-guide/current/glossary.html&quot;&gt;source loop&lt;/a&gt; contains data types of different widths. To fix: Use the smallest data type that gives the needed precision to use the entire &lt;a href=&quot;https://www.intel.com/content/www/us/en/docs/advisor/user-guide/current/glossary.html&quot;&gt;vector register width&lt;/a&gt;.
&lt;/br&gt;&lt;b&gt;Example:&lt;/b&gt; If only 16-bits are needed, using a short rather than an int can make the difference between eight-way or four-way SIMD parallelism, respectively. </text>
     <title>Use the smallest data type </title>
     <attributes>
      <float:confidence>1</float:confidence>
     </attributes>
     <parameters/>
    </recommendation>
   </recommendations>
   <unsignedLong:rowKey>2</unsignedLong:rowKey>
  </issue>
  <issue>
   <unsignedInt:flags>65</unsignedInt:flags>
   <id>issue_system_functions</id>
   <int:severity>1</int:severity>
   <text>System function call(s) in the &lt;a href=&quot;https://www.intel.com/content/www/us/en/docs/advisor/user-guide/current/glossary.html&quot;&gt;loop body&lt;/a&gt; may prevent the compiler from vectorizing the loop. </text>
   <title>System function call(s) present </title>
   <attributes>
    <float:severity>1</float:severity>
   </attributes>
   <parameters/>
   <recommendations>
    <recommendation>
     <int:confidence>1</int:confidence>
     <unsignedInt:flags>8</unsignedInt:flags>
     <id>rec_system_functions_move_c</id>
     <text>Typically system function or subroutine calls cannot be auto-vectorized; even a print statement is sufficient to prevent vectorization. To fix: Avoid using system function calls in loops. </text>
     <title>Remove system function call(s) inside loop </title>
     <attributes>
      <float:confidence>1</float:confidence>
     </attributes>
     <parameters/>
    </recommendation>
   </recommendations>
   <unsignedLong:rowKey>2</unsignedLong:rowKey>
  </issue>
  <issue>
   <unsignedInt:flags>321</unsignedInt:flags>
   <id>issue_roofline_guidance</id>
   <int:severity>2</int:severity>
   <text/>
   <title>issue_roofline_guidance_title</title>
   <attributes>
    <float:severity>2</float:severity>
   </attributes>
   <parameters boolean:is_vectorized="false" zone="mix" ops_type="int"/>
   <recommendations>
    <recommendation>
     <int:confidence>2</int:confidence>
     <unsignedInt:flags>8</unsignedInt:flags>
     <id>rec_roofline_guidance_mostly_compute_bound</id>
     <text>roofline_guidance_mostly_compute_bound_text</text>
     <title>This loop is mostly compute bound but may also be memory bound </title>
     <attributes>
      <float:confidence>2</float:confidence>
     </attributes>
     <parameters>
      <boolean:is_vectorized>false</boolean:is_vectorized>
      <boolean:is_fma_dominated>false</boolean:is_fma_dominated>
      <boolean:scalar_mem_instructions>false</boolean:scalar_mem_instructions>
      <boolean:inefficient_map>false</boolean:inefficient_map>
      <boolean:low_vector_efficiency>false</boolean:low_vector_efficiency>
      <int:limiting_roof>0</int:limiting_roof>
     </parameters>
    </recommendation>
   </recommendations>
   <unsignedLong:rowKey>5</unsignedLong:rowKey>
  </issue>
 </issues>
 <traits>
  <trait>
   <int:fieldId>0</int:fieldId>
   <int:id>13</int:id>
   <text>System Function Calls Present </text>
   <unsignedLong:rowKey>1</unsignedLong:rowKey>
  </trait>
  <trait>
   <int:fieldId>0</int:fieldId>
   <int:id>14</int:id>
   <text>Indirect Function Calls Present </text>
   <unsignedLong:rowKey>1</unsignedLong:rowKey>
  </trait>
  <trait>
   <int:fieldId>0</int:fieldId>
   <int:id>13</int:id>
   <text>System Function Calls Present </text>
   <unsignedLong:rowKey>2</unsignedLong:rowKey>
  </trait>
  <trait>
   <int:fieldId>0</int:fieldId>
   <int:id>13</int:id>
   <text>System Function Calls Present </text>
   <unsignedLong:rowKey>3</unsignedLong:rowKey>
  </trait>
  <trait>
   <int:fieldId>153</int:fieldId>
   <int:id>6</int:id>
   <text>Low Iteration Duration Makes This Loop a Better Candidate for Vectorization Parallelism Than Threading Parallelism </text>
   <unsignedLong:rowKey>5</unsignedLong:rowKey>
  </trait>
  <trait>
   <int:fieldId>155</int:fieldId>
   <int:id>7</int:id>
   <text>Average Iteration Duration Issue (Expand Trip Counts Column To Check Exact Duration Value) 
Low Iteration Duration Makes This Loop a Better Candidate for Vectorization Parallelism Than Threading Parallelism </text>
   <unsignedLong:rowKey>5</unsignedLong:rowKey>
  </trait>
 </traits>
</bag>
